185.38.301.19 - - [15/Nov/2023:12:00:00 +0000] "GET /blog/post?id=123&user=alice&email=alice@example.com&userID=678321 HTTP/1.1" 200 4321 "-" "Mozilla/5.0 (Windows NT 10.0; Win64; x64) AppleWebKit/537.36 (KHTML, like Gecko) Chrome/85.0.4183.121 Safari/537.36"
185.38.301.19 - - [15/Nov/2023:12:01:30 +0000] "GET /products/category1/item456?user=bob&email=bob@example.com&userID=678321 HTTP/1.1" 404 765 "-" "Mozilla/5.0 (Macintosh; Intel Mac OS X 10_15_7) AppleWebKit/537.36 (KHTML, like Gecko) Chrome/86.0.4240.111 Safari/537.36"
185.38.301.19 - - [15/Nov/2023:12:03:00 +0000] "POST /login?user=carol&email=carol@example.com&userID=678321 HTTP/1.1" 302 543 "-" "Mozilla/5.0 (iPhone; CPU iPhone OS 14_0 like Mac OS X) AppleWebKit/605.1.15 (KHTML, like Gecko) Version/14.0 Mobile/15E148 Safari/604.1"
185.38.301.19 - - [15/Nov/2023:12:04:30 +0000] "GET /products/category2/item789?user=dave&email=dave@example.com&userID=678321 HTTP/1.1" 200 987 "-" "Mozilla/5.0 (Windows NT 10.0; Win64; x64) AppleWebKit/537.36 (KHTML, like Gecko) Chrome/85.0.4183.121 Safari/537.36"
185.38.301.19 - - [15/Nov/2023:12:06:00 +0000] "GET /about-us.html?user=ellen&email=ellen@example.com&userID=678321 HTTP/1.1" 200 2345 "-" "Mozilla/5.0 (Macintosh; Intel Mac OS X 10_15_7) AppleWebKit/537.36 (KHTML, like Gecko) Chrome/86.0.4240.111 Safari/537.36"
185.38.301.19 - - [15/Nov/2023:12:07:30 +0000] "GET /blog/post?id=234&user=frank&email=frank@example.com&userID=678321 HTTP/1.1" 200 4321 "-" "Mozilla/5.0 (Windows NT 10.0; Win64; x64) AppleWebKit/537.36 (KHTML, like Gecko) Chrome/85.0.4183.121 Safari/537.36"
185.38.301.19 - - [15/Nov/2023:12:09:00 +0000] "GET /products/category3/item567?user=grace&email=grace@example.com&userID=678321 HTTP/1.1" 404 765 "-" "Mozilla/5.0 (Macintosh; Intel Mac OS X 10_15_7) AppleWebKit/537.36 (KHTML, like Gecko) Chrome/86.0.4240.111 Safari/537.36"
185.38.301.19 - - [15/Nov/2023:12:10:30 +0000] "POST /login?user=harry&email=harry@example.com&userID=678321 HTTP/1.1" 302 543 "-" "Mozilla/5.0 (iPhone; CPU iPhone OS 14_0 like Mac OS X) AppleWebKit/605.1.15 (KHTML, like Gecko) Version/14.0 Mobile/15E148 Safari/604.1"
185.38.301.19 - - [15/Nov/2023:12:12:00 +0000] "GET /products/category1/item123?user=irene&email=irene@example.com&userID=678321 HTTP/1.1" 200 987 "-" "Mozilla/5.0 (Windows NT 10.0; Win64; x64) AppleWebKit/537.36 (KHTML, like Gecko) Chrome/85.0.4183.121 Safari/537.36"
185.38.301.19 - - [15/Nov/2023:12:13:30 +0000] "GET /about-us.html?user=john&email=john@example.com&userID=678321 HTTP/1.1" 200 2345 "-" "Mozilla/5.0 (Macintosh; Intel Mac OS X 10_15_7) AppleWebKit/537.36 (KHTML, like Gecko) Chrome/86.0.4240.111 Safari/537.36"
185.38.301.19 - - [15/Nov/2023:12:15:00 +0000] "GET /blog/post?id=345&user=kate&email=kate@example.com&userID=678321 HTTP/1.1" 200 4321 "-" "Mozilla/5.0 (Windows NT 10.0; Win64; x64) AppleWebKit/537.36 (KHTML, like Gecko) Chrome/85.0.4183.121 Safari/537.36"
185.38.301.19 - - [15/Nov/2023:12:16:30 +0000] "GET /products/category2/item234?user=lucas&email=lucas@example.com&userID=678321 HTTP/1.1" 404 765 "-" "Mozilla/5.0 (Macintosh; Intel Mac OS X 10_15_7) AppleWebKit/537.36 (KHTML, like Gecko) Chrome/86.0.4240.111 Safari/537.36"
185.38.301.19 - - [15/Nov/2023:12:18:00 +0000] "POST /login?user=mary&email=mary@example.com&userID=678321 HTTP/1.1" 302 543 "-" "Mozilla/5.0 (iPhone; CPU iPhone OS 14_0 like Mac OS X) AppleWebKit/605.1.15 (KHTML, like Gecko) Version/14.0 Mobile/15E148 Safari/604.1"
185.38.301.19 - - [15/Nov/2023:12:19:30 +0000] "GET /products/category3/item678?user=nathan&email=nathan@example.com&userID=678321 HTTP/1.1" 200 987 "-" "Mozilla/5.0 (Windows NT 10.0; Win64; x64) AppleWebKit/537.36 (KHTML, like Gecko) Chrome/85.0.4183.121 Safari/537.36"
185.38.301.19 - - [15/Nov/2023:12:21:00 +0000] "GET /search?query=test HTTP/1.1" 200 654 "-" "Mozilla/5.0 (Windows NT 10.0; Win64; x64) AppleWebKit/537.36 (KHTML, like Gecko) Chrome/85.0.4183.121 Safari/537.36"
185.38.301.19 - - [15/Nov/2023:12:22:30 +0000] "GET /robots.txt HTTP/1.1" 200 123 "-" "Mozilla/5.0 (Macintosh; Intel Mac OS X 10_15_7) AppleWebKit/537.36 (KHTML, like Gecko) Chrome/86.0.4240.111 Safari/537.36"
185.38.301.19 - - [15/Nov/2023:12:24:00 +0000] "GET /login HTTP/1.1" 302 456 "-" "Mozilla/5.0 (iPhone; CPU iPhone OS 14_0 like Mac OS X) AppleWebKit/605.1.15 (KHTML, like Gecko) Version/14.0 Mobile/15E148 Safari/604.1"
185.38.301.19 - - [15/Nov/2023:12:25:30 +0000] "POST /signup?user=alex&email=alex@example.com HTTP/1.1" 200 789 "-" "Mozilla/5.0 (Windows NT 10.0; Win64; x64) AppleWebKit/537.36 (KHTML, like Gecko) Chrome/85.0.4183.121 Safari/537.36"
185.38.301.19 - - [15/Nov/2023:12:27:00 +0000] "GET /register?user=brian&email=brian@example.com HTTP/1.1" 404 987 "-" "Mozilla/5.0 (Macintosh; Intel Mac OS X 10_15_7) AppleWebKit/537.36 (KHTML, like Gecko) Chrome/86.0.4240.111 Safari/537.36"
185.38.301.19 - - [15/Nov/2023:12:28:30 +0000] "GET /products/category1/item789?user=chris&email=chris@example.com HTTP/1.1" 200 432 "-" "Mozilla/5.0 (Windows NT 10.0; Win64; x64) AppleWebKit/537.36 (KHTML, like Gecko) Chrome/85.0.4183.121 Safari/537.36"
185.38.301.19 - - [15/Nov/2023:12:30:00 +0000] "GET /about-us.html?user=diana&email=diana@example.com HTTP/1.1" 200 765 "-" "Mozilla/5.0 (Macintosh; Intel Mac OS X 10_15_7) AppleWebKit/537.36 (KHTML, like Gecko) Chrome/86.0.4240.111 Safari/537.36"
185.38.301.19 - - [15/Nov/2023:12:31:30 +0000] "GET /blog/post?id=567&user=eric&email=eric@example.com HTTP/1.1" 200 890 "-" "Mozilla/5.0 (Windows NT 10.0; Win64; x64) AppleWebKit/537.36 (KHTML, like Gecko) Chrome/85.0.4183.121 Safari/537.36"
185.38.301.19 - - [15/Nov/2023:12:33:00 +0000] "POST /login?user=fiona&email=fiona@example.com HTTP/1.1" 302 234 "-" "Mozilla/5.0 (iPhone; CPU iPhone OS 14_0 like Mac OS X) AppleWebKit/605.1.15 (KHTML, like Gecko) Version/14.0 Mobile/15E148 Safari/604.1"
185.38.301.19 - - [15/Nov/2023:12:34:30 +0000] "GET /products/category2/item012?user=george&email=george@example.com HTTP/1.1" 404 567 "-" "Mozilla/5.0 (Macintosh; Intel Mac OS X 10_15_7) AppleWebKit/537.36 (KHTML, like Gecko) Chrome/86.0.4240.111 Safari/537.36"
185.38.301.19 - - [15/Nov/2023:12:36:00 +0000] "GET /search?query=apple HTTP/1.1" 200 890 "-" "Mozilla/5.0 (Windows NT 10.0; Win64; x64
185.38.301.19 - - [15/Nov/2023:12:00:00 +0000] "GET /search?q=user123 HTTP/1.1" 200 4321 "-" "Mozilla/5.0 (Windows NT 10.0; Win64; x64) AppleWebKit/537.36 (KHTML, like Gecko) Chrome/85.0.4183.121 Safari/537.36"
185.38.301.19 - - [15/Nov/2023:12:01:30 +0000] "GET /products/category1/item456 HTTP/1.1" 404 765 "-" "Mozilla/5.0 (Macintosh; Intel Mac OS X 10_15_7) AppleWebKit/537.36 (KHTML, like Gecko) Chrome/86.0.4240.111 Safari/537.36"
185.38.301.19 - - [15/Nov/2023:12:03:00 +0000] "POST /login HTTP/1.1" 302 543 "-" "Mozilla/5.0 (iPhone; CPU iPhone OS 14_0 like Mac OS X) AppleWebKit/605.1.15 (KHTML, like Gecko) Version/14.0 Mobile/15E148 Safari/604.1"
185.38.301.19 - - [15/Nov/2023:12:04:30 +0000] "GET /robots.txt HTTP/1.1" 200 987 "-" "Mozilla/5.0 (Windows NT 10.0; Win64; x64) AppleWebKit/537.36 (KHTML, like Gecko) Chrome/85.0.4183.121 Safari/537.36"
185.38.301.19 - - [15/Nov/2023:12:06:00 +0000] "GET /signup HTTP/1.1" 200 2345 "-" "Mozilla/5.0 (Macintosh; Intel Mac OS X 10_15_7) AppleWebKit/537.36 (KHTML, like Gecko) Chrome/86.0.4240.111 Safari/537.36"
185.38.301.19 - - [15/Nov/2023:12:07:30 +0000] "GET /login HTTP/1.1" 200 4321 "-" "Mozilla/5.0 (Windows NT 10.0; Win64; x64) AppleWebKit/537.36 (KHTML, like Gecko) Chrome/85.0.4183.121 Safari/537.36"
185.38.301.19 - - [15/Nov/2023:12:09:00 +0000] "GET /register HTTP/1.1" 404 765 "-" "Mozilla/5.0 (Macintosh; Intel Mac OS X 10_15_7) AppleWebKit/537.36 (KHTML, like Gecko) Chrome/86.0.4240.111 Safari/537.36"
185.38.301.19 - - [15/Nov/2023:12:10:30 +0000] "POST /login?user=harry&email=harry@example.com&userID=678321 HTTP/1.1" 302 543 "-" "Mozilla/5.0 (iPhone; CPU iPhone OS 14_0 like Mac OS X) AppleWebKit/605.1.15 (KHTML, like Gecko) Version/14.0 Mobile/15E148 Safari/604.1"
185.38.301.19 - - [15/Nov/2023:12:12:00 +0000] "GET /products/category1/item123 HTTP/1.1" 200 987 "-" "Mozilla/5.0 (Windows NT 10.0; Win64; x64) AppleWebKit/537.36 (KHTML, like Gecko) Chrome/85.0.4183.121 Safari/537.36"
185.38.301.19 - - [15/Nov/2023:12:13:30 +0000] "GET /about-us.html HTTP/1.1" 200 2345 "-" "Mozilla/5.0 (Macintosh; Intel Mac OS X 10_15_7) AppleWebKit/537.36 (KHTML, like Gecko) Chrome/86.0.4240.111 Safari/537.36"
185.38.301.19 - - [15/Nov/2023:12:15:00 +0000] "GET /blog/post?id=345&user=kate&email=kate@example.com&userID=678321 HTTP/1.1" 200 4321 "-" "Mozilla/5.0 (Windows NT 10.0; Win64; x64) AppleWebKit/537.36 (KHTML, like Gecko) Chrome/85.0.4183.121 Safari/537.36"
185.38.301.19 - - [15/Nov/2023:12:16:30 +0000] "GET /products/category2/item234?user=lucas&email=lucas@example.com&userID=678321 HTTP/1.1" 404 765 "-" "Mozilla/5.0 (Macintosh; Intel Mac OS X 10_15_7) AppleWebKit/537.36 (KHTML, like Gecko) Chrome/86.0.4240.111 Safari/537.36"
185.38.301.19 - - [15/Nov/2023:12:18:00 +0000] "POST /login?user=mary&email=mary@example.com&userID=678321 HTTP/1.1" 302 543 "-" "Mozilla/5.0 (iPhone; CPU iPhone OS 14_0 like Mac OS X) AppleWebKit/605.1.15 (KHTML, like Gecko) Version/14.0 Mobile/15E148 Safari/604.1"
185.38.301.19 - - [15/Nov/2023:12:19:30 +0000] "GET /products/category3/item678?user=nathan&email=nathan@example.com&userID=678321 HTTP/1.1" 200 987 "-" "Mozilla/5.0 (Windows NT 10.0; Win64; x64) AppleWebKit/537.36 (KHTML, like Gecko) Chrome/85.0.4183.121 Safari/537.36"
185.38.301.19 - - [15/Nov/2023:12:21:00 +0000] "GET /search?q=user456 HTTP/1.1" 200 4321 "-" "Mozilla/5.0 (Windows NT 10.0; Win64; x64) AppleWebKit/537.36 (KHTML, like Gecko) Chrome/85.0.4183.121 Safari/537.36"
185.38.301.19 - - [15/Nov/2023:12:22:30 +0000] "GET /products/category1/item789 HTTP/1.1" 404 765 "-" "Mozilla/5.0 (Macintosh; Intel Mac OS X 10_15_7) AppleWebKit/537.36 (KHTML, like Gecko) Chrome/86.0.4240.111 Safari/537.36"
185.38.301.19 - - [15/Nov/2023:12:24:00 +0000] "POST /login HTTP/1.1" 302 543 "-" "Mozilla/5.0 (iPhone; CPU iPhone OS 14_0 like Mac OS X) AppleWebKit/605.1.15 (KHTML, like Gecko) Version/14.0 Mobile/15E148 Safari/604.1"
185.38.301.19 - - [15/Nov/2023:12:25:30 +0000] "GET /robots.txt HTTP/1.1" 200 987 "-" "Mozilla/5.0 (Windows NT 10.0; Win64; x64) AppleWebKit/537.36 (KHTML, like Gecko) Chrome/85.0.4183.121 Safari/537.36"
185.38.301.19 - - [15/Nov/2023:12:27:00 +0000] "GET /signup HTTP/1.1" 200 2345 "-" "Mozilla/5.0 (Macintosh; Intel Mac OS X 10_15_7) AppleWebKit/537.36 (KHTML, like Gecko) Chrome/86.0.4240.111 Safari/537.36"
185.38.301.19 - - [15/Nov/2023:12:28:30 +0000] "GET /login HTTP/1.1" 200 4321 "-" "Mozilla/5.0 (Windows NT 10.0; Win64; x64) AppleWebKit/537.36 (KHTML, like Gecko) Chrome/85.0.4183.121 Safari/537.36"
185.38.301.19 - - [15/Nov/2023:12:30:00 +0000] "GET /register HTTP/1.1" 404 765 "-" "Mozilla/5.0 (Macintosh; Intel Mac OS X 10_15_7) AppleWebKit/537.36 (KHTML, like Gecko) Chrome/86.0.4240.111 Safari/537.36"
185.38.301.19 - - [15/Nov/2023:12:31:30 +0000] "POST /login?user=harry&email=harry@example.com&userID=678321 HTTP/1.1" 302 543 "-" "Mozilla/5.0 (iPhone; CPU iPhone OS 14_0 like Mac OS X) AppleWebKit/605.1.15 (KHTML, like Gecko) Version/14.0 Mobile/15E148 Safari/604.1"
185.38.301.19 - - [15/Nov/2023:12:33:00 +0000] "GET /products/category1/item123 HTTP/1.1" 200 987 "-" "Mozilla/5.0 (Windows NT 10.0; Win64; x64) AppleWebKit/537.36 (KHTML, like Gecko) Chrome/85.0.4183.121 Safari/537.36"
185.38.301.19 - - [15/Nov/2023:12:34:30 +0000] "GET /about-us.html HTTP/1.1" 200 2345 "-" "Mozilla/5.0 (Macintosh; Intel Mac OS X 10_15_7) AppleWebKit/537.36 (KHTML, like Gecko) Chrome/86.0.4240.111 Safari/537.36"
185.38.301.19 - - [15/Nov/2023:12:36:00 +0000] "GET /blog/post?id=345&user=kate&email=kate@example.com&userID=678321 HTTP/1.1" 200 4321 "-" "Mozilla/5.0 (Windows NT 10.0; Win64; x64) AppleWebKit/537.36 (KHTML, like Gecko) Chrome/85.0.4183.121 Safari/537.36"
185.38.301.19 - - [15/Nov/2023:12:37:30 +0000] "GET /products/category2/item234?user=lucas&email=lucas@example.com&userID=678321 HTTP/1.1" 404 765 "-" "Mozilla/5.0 (Macintosh; Intel Mac OS X 10_15_7) AppleWebKit/537.36 (KHTML, like Gecko) Chrome/86.0.4240.111 Safari/537.36"
185.38.301.19 - - [15/Nov/2023:12:39:00 +0000] "POST /login?user=mary&email=mary@example.com&userID=678321 HTTP/1.1" 

